[{"model": "contenttypes.contenttype", "pk": 1, "fields": {"app_label": "admin", "model": "logentry"}}, {"model": "contenttypes.contenttype", "pk": 2, "fields": {"app_label": "auth", "model": "permission"}}, {"model": "contenttypes.contenttype", "pk": 3, "fields": {"app_label": "auth", "model": "group"}}, {"model": "contenttypes.contenttype", "pk": 4, "fields": {"app_label": "auth", "model": "user"}}, {"model": "contenttypes.contenttype", "pk": 5, "fields": {"app_label": "contenttypes", "model": "contenttype"}}, {"model": "contenttypes.contenttype", "pk": 6, "fields": {"app_label": "sessions", "model": "session"}}, {"model": "contenttypes.contenttype", "pk": 7, "fields": {"app_label": "posts", "model": "post"}}, {"model": "contenttypes.contenttype", "pk": 8, "fields": {"app_label": "comments", "model": "comment"}}, {"model": "sessions.session", "pk": "3b0j4rbiugpluaiqfzn3sh27hmplgs27", "fields": {"session_data": "OWI4YjM3OGZmZTI3ZjliMDEyNzVhNzZmMGE1OWU2NjNiMWQyM2RmNjp7Il9hdXRoX3VzZXJfaGFzaCI6IjgwMmNhNWQ2MGJkYmJiYzQ2NTQyZmUxZWQwOTlhNTIyODRlYzdlYjMiLCJfYXV0aF91c2VyX2JhY2tlbmQiOiJkamFuZ28uY29udHJpYi5hdXRoLmJhY2tlbmRzLk1vZGVsQmFja2VuZCIsIl9hdXRoX3VzZXJfaWQiOiIxIn0=", "expire_date": "2016-01-19T03:15:54.449Z"}}, {"model": "sessions.session", "pk": "4gpwvvi4f7jjuygpy6ii5ge99jzkz3hc", "fields": {"session_data": "MjVjNzc2ZmFkOTdhYjAwN2FlZTVlMzZkNzI0MjMyYmU0YjlmMWQ3Zjp7Il9hdXRoX3VzZXJfaGFzaCI6IjI4Yzk1Zjk4YTM2MDQ3OWViNzk0ODVhZTczZDMxY2MxODQ5NzhkNWEiLCJfYXV0aF91c2VyX2JhY2tlbmQiOiJkamFuZ28uY29udHJpYi5hdXRoLmJhY2tlbmRzLk1vZGVsQmFja2VuZCIsIl9hdXRoX3VzZXJfaWQiOiI1In0=", "expire_date": "2018-12-16T02:33:07.066Z"}}, {"model": "sessions.session", "pk": "8hp658halo454gwn9z5aovz51j8puh85", "fields": {"session_data": "ZDAwYWQzNmM1NDA5YWU4N2Y4ZjJiYjJhYjBlMjg5MDQxZmQxODA3ZDp7Il9hdXRoX3VzZXJfaGFzaCI6IjU2NjczOTEwZDFhZjkzN2Y3ZGYzNWEwOWI0MzBhMjVkMTg5NGQzM2QiLCJfYXV0aF91c2VyX2JhY2tlbmQiOiJkamFuZ28uY29udHJpYi5hdXRoLmJhY2tlbmRzLk1vZGVsQmFja2VuZCIsIl9hdXRoX3VzZXJfaWQiOiIzIn0=", "expire_date": "2018-12-16T02:31:59.050Z"}}, {"model": "sessions.session", "pk": "ad9lu1e2uq43dyowv4f2zdbqqmepd2ph", "fields": {"session_data": "ZDAwYWQzNmM1NDA5YWU4N2Y4ZjJiYjJhYjBlMjg5MDQxZmQxODA3ZDp7Il9hdXRoX3VzZXJfaGFzaCI6IjU2NjczOTEwZDFhZjkzN2Y3ZGYzNWEwOWI0MzBhMjVkMTg5NGQzM2QiLCJfYXV0aF91c2VyX2JhY2tlbmQiOiJkamFuZ28uY29udHJpYi5hdXRoLmJhY2tlbmRzLk1vZGVsQmFja2VuZCIsIl9hdXRoX3VzZXJfaWQiOiIzIn0=", "expire_date": "2018-10-26T15:10:11.361Z"}}, {"model": "sessions.session", "pk": "anokymihexbxzi09iqeaifl1fnuv511l", "fields": {"session_data": "OWI4YjM3OGZmZTI3ZjliMDEyNzVhNzZmMGE1OWU2NjNiMWQyM2RmNjp7Il9hdXRoX3VzZXJfaGFzaCI6IjgwMmNhNWQ2MGJkYmJiYzQ2NTQyZmUxZWQwOTlhNTIyODRlYzdlYjMiLCJfYXV0aF91c2VyX2JhY2tlbmQiOiJkamFuZ28uY29udHJpYi5hdXRoLmJhY2tlbmRzLk1vZGVsQmFja2VuZCIsIl9hdXRoX3VzZXJfaWQiOiIxIn0=", "expire_date": "2016-01-20T01:36:34.420Z"}}, {"model": "sessions.session", "pk": "m3rj8u7yik41uq5hkavqzk1zldmcjg8e", "fields": {"session_data": "M2VlYWQ2OGE1ODg3OWZlY2JmMzA3MDY4OGFiZDU3ZDVhODMyNzcyNTp7Il9hdXRoX3VzZXJfaGFzaCI6ImZmNzc1NGU2ZDU5MDJiZGY1N2JhOGQxMTk4ZTNmMmFkZjZkMWQxZDIiLCJfYXV0aF91c2VyX2JhY2tlbmQiOiJkamFuZ28uY29udHJpYi5hdXRoLmJhY2tlbmRzLk1vZGVsQmFja2VuZCIsIl9hdXRoX3VzZXJfaWQiOiI0In0=", "expire_date": "2018-11-03T11:37:08.148Z"}}, {"model": "sessions.session", "pk": "o5jxe9luo6q2vv4niy8av9jhdskvemoq", "fields": {"session_data": "ZDAwYWQzNmM1NDA5YWU4N2Y4ZjJiYjJhYjBlMjg5MDQxZmQxODA3ZDp7Il9hdXRoX3VzZXJfaGFzaCI6IjU2NjczOTEwZDFhZjkzN2Y3ZGYzNWEwOWI0MzBhMjVkMTg5NGQzM2QiLCJfYXV0aF91c2VyX2JhY2tlbmQiOiJkamFuZ28uY29udHJpYi5hdXRoLmJhY2tlbmRzLk1vZGVsQmFja2VuZCIsIl9hdXRoX3VzZXJfaWQiOiIzIn0=", "expire_date": "2018-10-18T05:13:20.023Z"}}, {"model": "sessions.session", "pk": "t7c33yqpl71k6e3dzolo10ikt20zd089", "fields": {"session_data": "ZDAwYWQzNmM1NDA5YWU4N2Y4ZjJiYjJhYjBlMjg5MDQxZmQxODA3ZDp7Il9hdXRoX3VzZXJfaGFzaCI6IjU2NjczOTEwZDFhZjkzN2Y3ZGYzNWEwOWI0MzBhMjVkMTg5NGQzM2QiLCJfYXV0aF91c2VyX2JhY2tlbmQiOiJkamFuZ28uY29udHJpYi5hdXRoLmJhY2tlbmRzLk1vZGVsQmFja2VuZCIsIl9hdXRoX3VzZXJfaWQiOiIzIn0=", "expire_date": "2018-10-25T05:56:54.257Z"}}, {"model": "sessions.session", "pk": "y3mdmnkp8z9m8uyzycbxvf3f5haazbgz", "fields": {"session_data": "MTVjMTYxZjhhOGZiMjlhOTE5ZDcyNGQ0Yjg5Mzk2YTMxMGE0MDczNzp7Il9hdXRoX3VzZXJfaGFzaCI6IjNmZTE5Y2M5YjBiZWZlM2Y1MTA5OWMyMjEzZmNjOGRlMjIwZmZkNGYiLCJfYXV0aF91c2VyX2JhY2tlbmQiOiJkamFuZ28uY29udHJpYi5hdXRoLmJhY2tlbmRzLk1vZGVsQmFja2VuZCIsIl9hdXRoX3VzZXJfaWQiOiIyIn0=", "expire_date": "2016-02-01T00:03:20.738Z"}}, {"model": "auth.permission", "pk": 1, "fields": {"name": "Can add log entry", "content_type": 1, "codename": "add_logentry"}}, {"model": "auth.permission", "pk": 2, "fields": {"name": "Can change log entry", "content_type": 1, "codename": "change_logentry"}}, {"model": "auth.permission", "pk": 3, "fields": {"name": "Can delete log entry", "content_type": 1, "codename": "delete_logentry"}}, {"model": "auth.permission", "pk": 4, "fields": {"name": "Can add permission", "content_type": 2, "codename": "add_permission"}}, {"model": "auth.permission", "pk": 5, "fields": {"name": "Can change permission", "content_type": 2, "codename": "change_permission"}}, {"model": "auth.permission", "pk": 6, "fields": {"name": "Can delete permission", "content_type": 2, "codename": "delete_permission"}}, {"model": "auth.permission", "pk": 7, "fields": {"name": "Can add group", "content_type": 3, "codename": "add_group"}}, {"model": "auth.permission", "pk": 8, "fields": {"name": "Can change group", "content_type": 3, "codename": "change_group"}}, {"model": "auth.permission", "pk": 9, "fields": {"name": "Can delete group", "content_type": 3, "codename": "delete_group"}}, {"model": "auth.permission", "pk": 10, "fields": {"name": "Can add user", "content_type": 4, "codename": "add_user"}}, {"model": "auth.permission", "pk": 11, "fields": {"name": "Can change user", "content_type": 4, "codename": "change_user"}}, {"model": "auth.permission", "pk": 12, "fields": {"name": "Can delete user", "content_type": 4, "codename": "delete_user"}}, {"model": "auth.permission", "pk": 13, "fields": {"name": "Can add content type", "content_type": 5, "codename": "add_contenttype"}}, {"model": "auth.permission", "pk": 14, "fields": {"name": "Can change content type", "content_type": 5, "codename": "change_contenttype"}}, {"model": "auth.permission", "pk": 15, "fields": {"name": "Can delete content type", "content_type": 5, "codename": "delete_contenttype"}}, {"model": "auth.permission", "pk": 16, "fields": {"name": "Can add session", "content_type": 6, "codename": "add_session"}}, {"model": "auth.permission", "pk": 17, "fields": {"name": "Can change session", "content_type": 6, "codename": "change_session"}}, {"model": "auth.permission", "pk": 18, "fields": {"name": "Can delete session", "content_type": 6, "codename": "delete_session"}}, {"model": "auth.permission", "pk": 19, "fields": {"name": "Can add post", "content_type": 7, "codename": "add_post"}}, {"model": "auth.permission", "pk": 20, "fields": {"name": "Can change post", "content_type": 7, "codename": "change_post"}}, {"model": "auth.permission", "pk": 21, "fields": {"name": "Can delete post", "content_type": 7, "codename": "delete_post"}}, {"model": "auth.permission", "pk": 22, "fields": {"name": "Can add comment", "content_type": 8, "codename": "add_comment"}}, {"model": "auth.permission", "pk": 23, "fields": {"name": "Can change comment", "content_type": 8, "codename": "change_comment"}}, {"model": "auth.permission", "pk": 24, "fields": {"name": "Can delete comment", "content_type": 8, "codename": "delete_comment"}}, {"model": "auth.user", "pk": 1, "fields": {"password": "pbkdf2_sha256$24000$0389ZCLHk39W$a/PtqtkLBkaJIQXpoACuRI3GeU4eUbfzN2ZkThTZIpI=", "last_login": "2016-01-06T01:36:34.418Z", "is_superuser": true, "username": "jmitch", "first_name": "Justin", "last_name": "Mitchel", "email": "hello@teamcfe.com", "is_staff": true, "is_active": true, "date_joined": "2016-01-05T01:12:52Z", "groups": [], "user_permissions": []}}, {"model": "auth.user", "pk": 2, "fields": {"password": "pbkdf2_sha256$24000$8ohUFrwcf2Y5$oA6vorYUaKqDIMsDMQSB8fIT9H8UdVxVCyOAwuE/di8=", "last_login": "2016-01-18T00:03:20.736Z", "is_superuser": true, "username": "jmitchel3", "first_name": "", "last_name": "", "email": "", "is_staff": true, "is_active": true, "date_joined": "2016-01-18T00:03:08.346Z", "groups": [], "user_permissions": []}}, {"model": "auth.user", "pk": 3, "fields": {"password": "pbkdf2_sha256$24000$F104MXerr9pa$vpwul3tF0ti/myLkZ55mrZfuJlPtB7EHE7F92RtWpwQ=", "last_login": "2018-12-02T02:31:58.928Z", "is_superuser": true, "username": "user", "first_name": "", "last_name": "", "email": "", "is_staff": true, "is_active": true, "date_joined": "2018-10-04T05:12:00.053Z", "groups": [], "user_permissions": []}}, {"model": "auth.user", "pk": 4, "fields": {"password": "pbkdf2_sha256$24000$aeJEZC8bFAnf$pzmaniGUfUhKRtBiEsHsiGiy6jjMuGHJi1cL2YIx8po=", "last_login": "2018-10-20T11:37:08.006Z", "is_superuser": false, "username": "kokou", "first_name": "", "last_name": "", "email": "", "is_staff": false, "is_active": true, "date_joined": "2018-10-18T19:48:30Z", "groups": [], "user_permissions": []}}, {"model": "auth.user", "pk": 5, "fields": {"password": "pbkdf2_sha256$24000$cE4grf3OKkjt$Jr0MiHUyAvZuXvyzA81oQbups0yqq45iep34EieiqqE=", "last_login": "2018-12-02T02:33:06.935Z", "is_superuser": false, "username": "abc", "first_name": "", "last_name": "", "email": "abc@gmail.com", "is_staff": false, "is_active": true, "date_joined": "2018-10-19T13:08:29.444Z", "groups": [], "user_permissions": []}}, {"model": "auth.user", "pk": 6, "fields": {"password": "pbkdf2_sha256$24000$HRAC7xAitzrW$TKZHl5Ozz7BMqQvkxjvP8qsuZdZnH7nnO1TCOzsV68U=", "last_login": "2018-10-19T13:22:06.831Z", "is_superuser": false, "username": "abc2", "first_name": "", "last_name": "", "email": "abc2@gmail.com", "is_staff": false, "is_active": true, "date_joined": "2018-10-19T13:12:29.525Z", "groups": [], "user_permissions": []}}, {"model": "auth.user", "pk": 7, "fields": {"password": "pbkdf2_sha256$24000$0meEmRp1HWIK$NyjR/sEssAaVAHpwEuF8PgtnsSX9gsuNLzBKkMxEkQY=", "last_login": "2018-10-19T13:22:46.890Z", "is_superuser": false, "username": "Abalo", "first_name": "", "last_name": "", "email": "abalo@gmail.com", "is_staff": false, "is_active": true, "date_joined": "2018-10-19T13:22:46.339Z", "groups": [], "user_permissions": []}}, {"model": "posts.post", "pk": 1, "fields": {"user": 1, "title": "Tesla", "slug": "tesla", "image": "None/car.jpg", "height_field": 3456, "width_field": 5184, "content": "Tesla item abc", "draft": false, "publish": "2016-01-05", "read_time": null, "updated": "2016-01-05T01:21:49.114Z", "timestamp": "2016-01-05T01:17:40.044Z"}}, {"model": "posts.post", "pk": 4, "fields": {"user": 1, "title": "Tesla", "slug": "tesla-2", "image": "None/car_HwaoHbO.jpg", "height_field": 3456, "width_field": 5184, "content": "Test", "draft": false, "publish": "2016-01-05", "read_time": null, "updated": "2016-01-05T01:22:57.016Z", "timestamp": "2016-01-05T01:22:57.016Z"}}, {"model": "posts.post", "pk": 5, "fields": {"user": 1, "title": "Tesla", "slug": "tesla-1", "image": "None/car_GtgVSbO.jpg", "height_field": 3456, "width_field": 5184, "content": "Here is some content Here is some contentHere is some contentHere is some contentHere is some contentHere is some content", "draft": false, "publish": "2016-01-05", "read_time": null, "updated": "2016-01-05T02:55:55.694Z", "timestamp": "2016-01-05T01:34:59.241Z"}}, {"model": "posts.post", "pk": 6, "fields": {"user": 1, "title": "Tesla", "slug": "tesla-1-5", "image": "None/car_QlSvxHz.jpg", "height_field": 3456, "width_field": 5184, "content": "Tesla", "draft": false, "publish": "2016-01-05", "read_time": null, "updated": "2016-01-05T01:35:09.992Z", "timestamp": "2016-01-05T01:35:09.992Z"}}, {"model": "posts.post", "pk": 7, "fields": {"user": 1, "title": "tesla", "slug": "tesla-1-5-6", "image": "None/car_jJqtDJp.jpg", "height_field": 3456, "width_field": 5184, "content": "Test", "draft": false, "publish": "2016-01-05", "read_time": null, "updated": "2016-01-05T01:35:23.519Z", "timestamp": "2016-01-05T01:35:23.519Z"}}, {"model": "posts.post", "pk": 8, "fields": {"user": 1, "title": "New Content", "slug": "new-content", "image": "", "height_field": 0, "width_field": 0, "content": "content", "draft": false, "publish": "2016-01-05", "read_time": null, "updated": "2016-01-05T03:15:03.989Z", "timestamp": "2016-01-05T03:15:03.989Z"}}, {"model": "posts.post", "pk": 9, "fields": {"user": 1, "title": "Another new Telsa Post", "slug": "another-new-telsa-post", "image": "None/car_7py0UuC.jpg", "height_field": 3456, "width_field": 5184, "content": "Her we go!\r\nHer we go!\r\n\r\nHer we go!\r\n\r\nHer we go!Her we go!Her we go!Her we go!Her we go!Her we go!Her we go!Her we go!Her we go!Her we go!Her we go!Her we go!Her we go!Her we go!Her we go!Her we go!Her we go!Her we go!", "draft": true, "publish": "2016-01-05", "read_time": null, "updated": "2016-01-05T22:23:37.539Z", "timestamp": "2016-01-05T03:16:11.486Z"}}, {"model": "posts.post", "pk": 10, "fields": {"user": 1, "title": "new Car", "slug": "new-car", "image": "None/car_l8DNbMR.jpg", "height_field": 3456, "width_field": 5184, "content": "New car", "draft": true, "publish": "2016-01-10", "read_time": null, "updated": "2016-01-05T22:07:04.079Z", "timestamp": "2016-01-05T22:07:04.079Z"}}, {"model": "posts.post", "pk": 11, "fields": {"user": 1, "title": "New Post", "slug": "new-post", "image": "11/try_django_19_1_of_38.png", "height_field": 720, "width_field": 1280, "content": "Item here", "draft": false, "publish": "2016-01-03", "read_time": null, "updated": "2016-01-06T01:37:40.936Z", "timestamp": "2016-01-06T01:37:05.528Z"}}, {"model": "posts.post", "pk": 12, "fields": {"user": 2, "title": "New Project", "slug": "new-project", "image": "2/Screen_Shot_2016-01-10_at_4.51.14_PM.png", "height_field": 1252, "width_field": 2110, "content": "the best way to eat an elephant is one bite at a time\r\nthe greatest pleasure in life is doing what people say you cannot do\r\nTo get lost is to learn the way\r\nchange is the end result of all true learning\r\neducation is the greatest gift you can give yourself or anyone else\r\neducation is not preparation for life; education is life itself\r\nfreedom can occur only through education\r\neducation is the most powerful weapon we can use to change the world\r\nthe best way to eat an elephant is one bite at a time\r\nthe greatest pleasure in life is doing what people say you cannot do\r\nTo get lost is to learn the way\r\nchange is the end result of all true learning\r\neducation is the greatest gift you can give yourself or anyone else\r\neducation is not preparation for life; education is life itself\r\nfreedom can occur only through education\r\neducation is the most powerful weapon we can use to change the world\r\nthe best way to eat an elephant is one bite at a time\r\nthe greatest pleasure in life is doing what people say you cannot do\r\nTo get lost is to learn the way\r\nchange is the end result of all true learning\r\neducation is the greatest gift you can give yourself or anyone else\r\neducation is not preparation for life; education is life itself\r\n**freedom can occur only through education**\r\neducation is the most powerful weapon we can use to change the world", "draft": false, "publish": "2018-01-06", "read_time": "00:02:00", "updated": "2018-10-18T12:47:05.259Z", "timestamp": "2016-01-18T00:05:22.753Z"}}, {"model": "posts.post", "pk": 13, "fields": {"user": 2, "title": "Another post", "slug": "another-post", "image": "2/Screen_Shot_2016-01-10_at_4.51.14_PM_c9ifrfF.png", "height_field": 1252, "width_field": 2110, "content": "Donec eu malesuada lacus. Suspendisse viverra in mi ac bibendum. Proin mattis luctus nulla nec vestibulum. Nam iaculis nisi leo, eu aliquet metus ultricies molestie. Donec tincidunt ac risus ac lobortis. Morbi ut lobortis magna. Nulla laoreet augue sem, vel congue ipsum pellentesque vel. Ut aliquam lacinia justo ut dictum. Integer sagittis varius vulputate. Ut ut finibus turpis. Maecenas facilisis neque tellus, vel pellentesque nunc lobortis sed. Nam placerat consectetur ligula eu aliquam. Etiam mollis neque sem, in convallis tellus interdum nec. Donec dapibus, leo a dictum pellentesque, quam eros dictum nulla, id accumsan nisi lorem ut purus. Aliquam vestibulum ante id mauris tristique, posuere sagittis ipsum lobortis. Donec a mattis mi, quis finibus nisl.\r\n\r\nPhasellus lacinia turpis id ex condimentum dignissim. Fusce tristique fermentum enim ut congue. Nam egestas viverra ligula. Etiam tempus at nulla non vulputate. In hac habitasse platea dictumst. Praesent vestibulum, odio id consequat tincidunt, urna ligula aliquet mi, eget faucibus justo ex nec erat. Maecenas imperdiet, neque congue tempus efficitur, dolor massa iaculis turpis, ut fringilla neque mi vitae nulla. Aliquam lobortis ut lorem et condimentum. Donec sit amet scelerisque risus. Maecenas lobortis, justo non hendrerit molestie, sem mauris gravida magna, vel commodo arcu arcu in leo.\r\n\r\nMauris non sem tellus. Ut molestie arcu maximus faucibus ultrices. Nulla ac euismod dolor. Integer dui augue, feugiat id lacus ac, porttitor vehicula mauris. Nulla sed pretium mi, non tristique odio. Phasellus ac felis sit amet odio rutrum venenatis. Mauris ultrices augue mattis justo accumsan, nec eleifend neque venenatis. Fusce eleifend turpis fermentum malesuada vehicula. Aliquam id venenatis ipsum, ac tempus sapien. Suspendisse id venenatis lorem, a elementum purus. Donec fermentum purus et elit placerat scelerisque vitae in erat. Nullam metus ligula, commodo quis ligula id, hendrerit scelerisque elit. Cras sagittis sed mauris quis consequat. Duis faucibus magna eget ligula aliquam, sit amet fermentum lacus consectetur. Nulla vitae lectus vehicula, lacinia magna vitae, porttitor quam. Duis porta viverra purus.", "draft": false, "publish": "2018-01-06", "read_time": "00:02:00", "updated": "2018-10-18T12:41:11.468Z", "timestamp": "2016-01-18T00:06:27.587Z"}}, {"model": "posts.post", "pk": 14, "fields": {"user": 2, "title": "Another huhi", "slug": "another", "image": "14/Screen_Shot_2016-01-10_at_4.51.14_PM.png", "height_field": 1252, "width_field": 2110, "content": "**Pellentesque** sem leo, rhoncus id faucibus a, auctor eu est. Sed euismod porttitor sollicitudin. Fusce mattis ligula erat, nec vehicula ligula blandit at. Donec sed lectus id \r\ntellus vestibulum pdg\r\norta in eu nisl. Etiam vestibulum erat felis, id sollicitudin tellus placerat eu. Aenean pharetra *lectuds vel interdum iaculi*s. In lacinia, nibh ut commodo rhoncus, nunc leo mollis ligula, non posuere urna turpis non augue.", "draft": false, "publish": "2018-01-06", "read_time": "00:01:00", "updated": "2018-10-18T12:32:15.718Z", "timestamp": "2016-01-18T00:07:32.421Z"}}, {"model": "posts.post", "pk": 17, "fields": {"user": 1, "title": "abc", "slug": "new-post-c9aa", "image": "", "height_field": 0, "width_field": 0, "content": "bbbbbbbbbb", "draft": false, "publish": "2018-12-13", "read_time": "00:01:00", "updated": "2018-12-02T02:26:32.354Z", "timestamp": "2018-12-02T02:23:59.184Z"}}, {"model": "posts.post", "pk": 21, "fields": {"user": 5, "title": "new post from abc", "slug": "new-post-from-abc", "image": "", "height_field": 0, "width_field": 0, "content": "new post from abc content", "draft": false, "publish": "2018-12-10", "read_time": "00:01:00", "updated": "2018-12-10T09:51:01.420Z", "timestamp": "2018-12-10T09:51:01.420Z"}}, {"model": "comments.comment", "pk": 1, "fields": {"user": 1, "content_type": 7, "object_id": 14, "parent": null, "content": "Hi there !", "timestamp": "2018-10-12T15:10:46.096Z"}}, {"model": "comments.comment", "pk": 2, "fields": {"user": 1, "content_type": 7, "object_id": 13, "parent": null, "content": "dddddddddddddddddddddddd", "timestamp": "2018-10-12T16:04:46.127Z"}}, {"model": "comments.comment", "pk": 3, "fields": {"user": 3, "content_type": 7, "object_id": 14, "parent": null, "content": "Lorem ipsum dolor sit amet, consectetur adipisicing elit, sed do eiusmod.", "timestamp": "2018-10-12T16:27:50.081Z"}}, {"model": "comments.comment", "pk": 4, "fields": {"user": 3, "content_type": 7, "object_id": 14, "parent": null, "content": "hello there", "timestamp": "2018-10-16T06:04:34.066Z"}}, {"model": "comments.comment", "pk": 5, "fields": {"user": 3, "content_type": 7, "object_id": 14, "parent": null, "content": "new Data", "timestamp": "2018-10-16T06:05:46.597Z"}}, {"model": "comments.comment", "pk": 6, "fields": {"user": 3, "content_type": 7, "object_id": 14, "parent": null, "content": "Very interesting post", "timestamp": "2018-10-16T06:31:22.027Z"}}, {"model": "comments.comment", "pk": 7, "fields": {"user": 3, "content_type": 7, "object_id": 14, "parent": 6, "content": "interesting reply", "timestamp": "2018-10-16T11:33:11.957Z"}}, {"model": "comments.comment", "pk": 8, "fields": {"user": 3, "content_type": 7, "object_id": 14, "parent": 5, "content": "ggggg", "timestamp": "2018-10-16T11:41:17.860Z"}}, {"model": "comments.comment", "pk": 9, "fields": {"user": 3, "content_type": 7, "object_id": 14, "parent": 4, "content": "response there", "timestamp": "2018-10-16T11:41:45.074Z"}}, {"model": "comments.comment", "pk": 10, "fields": {"user": 3, "content_type": 7, "object_id": 14, "parent": 3, "content": "lorem dolor", "timestamp": "2018-10-16T11:42:04.946Z"}}, {"model": "comments.comment", "pk": 11, "fields": {"user": 3, "content_type": 7, "object_id": 14, "parent": 4, "content": "ggggggg", "timestamp": "2018-10-16T11:42:15.611Z"}}, {"model": "comments.comment", "pk": 12, "fields": {"user": 3, "content_type": 7, "object_id": 14, "parent": 5, "content": "mmmmmm", "timestamp": "2018-10-16T13:04:58.840Z"}}, {"model": "comments.comment", "pk": 13, "fields": {"user": 3, "content_type": 7, "object_id": 14, "parent": 5, "content": "hhhhhh", "timestamp": "2018-10-16T13:05:15.104Z"}}, {"model": "comments.comment", "pk": 14, "fields": {"user": 3, "content_type": 7, "object_id": 14, "parent": 1, "content": "response there", "timestamp": "2018-10-16T13:05:42.472Z"}}, {"model": "comments.comment", "pk": 15, "fields": {"user": 3, "content_type": 7, "object_id": 14, "parent": 4, "content": "mmmmmmm", "timestamp": "2018-10-16T16:12:34.262Z"}}, {"model": "comments.comment", "pk": 16, "fields": {"user": 3, "content_type": 7, "object_id": 14, "parent": 4, "content": "hhhhhhh", "timestamp": "2018-10-16T16:14:35.209Z"}}, {"model": "comments.comment", "pk": 17, "fields": {"user": 3, "content_type": 7, "object_id": 14, "parent": 4, "content": "ffff", "timestamp": "2018-10-16T16:15:32.295Z"}}, {"model": "comments.comment", "pk": 18, "fields": {"user": 3, "content_type": 7, "object_id": 14, "parent": 4, "content": "mom", "timestamp": "2018-10-16T16:22:03.990Z"}}, {"model": "comments.comment", "pk": 19, "fields": {"user": 3, "content_type": 7, "object_id": 14, "parent": 1, "content": "mo", "timestamp": "2018-10-16T16:32:44.129Z"}}, {"model": "comments.comment", "pk": 20, "fields": {"user": 3, "content_type": 7, "object_id": 13, "parent": 2, "content": "ffff", "timestamp": "2018-10-16T16:33:21.994Z"}}, {"model": "comments.comment", "pk": 22, "fields": {"user": 3, "content_type": 7, "object_id": 12, "parent": null, "content": "huuy", "timestamp": "2018-10-18T14:04:22.189Z"}}, {"model": "comments.comment", "pk": 24, "fields": {"user": 6, "content_type": 7, "object_id": 14, "parent": null, "content": "fffff", "timestamp": "2018-10-19T13:21:18.823Z"}}, {"model": "comments.comment", "pk": 25, "fields": {"user": 7, "content_type": 7, "object_id": 14, "parent": null, "content": "bbbbbb", "timestamp": "2018-10-19T13:22:57.843Z"}}, {"model": "comments.comment", "pk": 27, "fields": {"user": 3, "content_type": 7, "object_id": 14, "parent": null, "content": "sollicitudin. Fusce mattis ligula erat, nec vehicula ligula blandit at.", "timestamp": "2018-12-10T13:20:57.568Z"}}, {"model": "comments.comment", "pk": 28, "fields": {"user": 3, "content_type": 7, "object_id": 14, "parent": 27, "content": "enean pharetra lectuds vel interdum iac", "timestamp": "2018-12-10T13:21:26.281Z"}}, {"model": "comments.comment", "pk": 29, "fields": {"user": 3, "content_type": 7, "object_id": 14, "parent": 27, "content": "Etiam vestibulum erat felis", "timestamp": "2018-12-10T13:22:21.163Z"}}, {"model": "comments.comment", "pk": 30, "fields": {"user": 3, "content_type": 7, "object_id": 14, "parent": 27, "content": "nec vehicula ligula blandit at.", "timestamp": "2018-12-10T13:22:37.356Z"}}, {"model": "admin.logentry", "pk": 1, "fields": {"action_time": "2016-01-05T01:19:07.048Z", "user": 1, "content_type": 7, "object_id": "2", "object_repr": "Tesla", "action_flag": 3, "change_message": ""}}, {"model": "admin.logentry", "pk": 2, "fields": {"action_time": "2016-01-05T01:22:46.036Z", "user": 1, "content_type": 7, "object_id": "3", "object_repr": "Tesla", "action_flag": 2, "change_message": "Changed slug."}}, {"model": "admin.logentry", "pk": 3, "fields": {"action_time": "2016-01-05T03:13:32.228Z", "user": 1, "content_type": 4, "object_id": "1", "object_repr": "jmitch", "action_flag": 2, "change_message": "Changed first_name and last_name."}}, {"model": "admin.logentry", "pk": 4, "fields": {"action_time": "2016-01-05T22:22:49.190Z", "user": 1, "content_type": 7, "object_id": "9", "object_repr": "Another new Telsa Post", "action_flag": 2, "change_message": "Changed draft."}}, {"model": "admin.logentry", "pk": 5, "fields": {"action_time": "2018-10-12T15:10:46.119Z", "user": 3, "content_type": 8, "object_id": "1", "object_repr": "jmitch", "action_flag": 1, "change_message": "Added."}}, {"model": "admin.logentry", "pk": 6, "fields": {"action_time": "2018-10-12T15:59:59.874Z", "user": 3, "content_type": 8, "object_id": "1", "object_repr": "jmitch", "action_flag": 2, "change_message": "Changed content_type and object_id."}}, {"model": "admin.logentry", "pk": 7, "fields": {"action_time": "2018-10-12T16:01:52.132Z", "user": 3, "content_type": 8, "object_id": "1", "object_repr": "jmitch", "action_flag": 2, "change_message": "Changed content_type and object_id."}}, {"model": "admin.logentry", "pk": 8, "fields": {"action_time": "2018-10-12T16:04:46.130Z", "user": 3, "content_type": 8, "object_id": "2", "object_repr": "jmitch", "action_flag": 1, "change_message": "Added."}}, {"model": "admin.logentry", "pk": 9, "fields": {"action_time": "2018-10-12T16:27:33.751Z", "user": 3, "content_type": 8, "object_id": "2", "object_repr": "jmitch", "action_flag": 2, "change_message": "No fields changed."}}, {"model": "admin.logentry", "pk": 10, "fields": {"action_time": "2018-10-12T16:27:50.083Z", "user": 3, "content_type": 8, "object_id": "3", "object_repr": "user", "action_flag": 1, "change_message": "Added."}}, {"model": "admin.logentry", "pk": 11, "fields": {"action_time": "2018-10-16T11:38:59.522Z", "user": 3, "content_type": 8, "object_id": "7", "object_repr": "user", "action_flag": 2, "change_message": "Changed parent."}}, {"model": "admin.logentry", "pk": 12, "fields": {"action_time": "2018-10-16T11:40:59.783Z", "user": 3, "content_type": 8, "object_id": "7", "object_repr": "7", "action_flag": 2, "change_message": "Changed parent."}}, {"model": "admin.logentry", "pk": 13, "fields": {"action_time": "2018-10-18T19:48:30.786Z", "user": 3, "content_type": 4, "object_id": "4", "object_repr": "kokou", "action_flag": 1, "change_message": "Added."}}, {"model": "admin.logentry", "pk": 14, "fields": {"action_time": "2018-10-18T19:48:41.362Z", "user": 3, "content_type": 4, "object_id": "4", "object_repr": "kokou", "action_flag": 2, "change_message": "Changed is_active."}}, {"model": "admin.logentry", "pk": 15, "fields": {"action_time": "2018-10-19T12:12:51.542Z", "user": 3, "content_type": 4, "object_id": "4", "object_repr": "kokou", "action_flag": 2, "change_message": "Changed is_active."}}, {"model": "admin.logentry", "pk": 16, "fields": {"action_time": "2018-12-02T02:32:43.027Z", "user": 3, "content_type": 4, "object_id": "5", "object_repr": "abc", "action_flag": 2, "change_message": "Changed password."}}]